season_end,fg3,player
1980,90,Brian Taylor
1980,73,Rick Barry
1980,70,Chris Ford
1980,69,Joe Hassett
1980,58,Larry Bird
1980,49,John Roche
1980,45,Mike Newlin
1980,42,Freeman Williams
1980,39,Fred Brown
1980,38,Brian Winters
1981,57,Mike Bratz
1981,53,Joe Hassett
1981,48,Freeman Williams
1981,45,Kevin Grevey
1981,44,Brian Taylor
1981,36,Chris Ford
1981,32,Henry Bibby
1981,25,Scott Wedman
1981,23,Michael Ray Richardson
1981,23,Fred Brown
1982,73,Don Buse
1982,71,Joe Hassett
1982,46,Mike Bratz
1982,39,Kyle Macy
1982,36,Brian Winters
1982,33,Mike Dunleavy
1982,28,Kevin Grevey
1982,28,Freeman Williams
1982,25,Reggie Theus
1982,25,Andrew Toney
1983,67,Mike Dunleavy
1983,42,Allen Leavell
1983,38,Darrell Griffith
1983,36,Isiah Thomas
1983,23,Kyle Macy
1983,23,Ricky Sobers
1983,22,Larry Bird
1983,22,Andrew Toney
1983,22,Brian Winters
1983,21,Reggie Theus
1984,91,Darrell Griffith
1984,38,Michael Cooper
1984,32,Mike Evans
1984,29,Ricky Sobers
1984,28,Johnny Moore
1984,25,Ray Williams
1984,24,Jeff Malone
1984,23,Kyle Macy
1984,22,Purvis Short
1984,22,Isiah Thomas
1985,92,Darrell Griffith
1985,71,World B. Free
1985,57,Mike Evans
1985,56,Larry Bird
1985,51,Gus Williams
1985,47,Purvis Short
1985,47,Craig Hodges
1985,47,Brad Davis
1985,42,Sleepy Floyd
1985,42,Dale Ellis
1986,82,Larry Bird
1986,73,Craig Hodges
1986,71,World B. Free
1986,63,Michael Cooper
1986,63,Dale Ellis
1986,58,Kyle Macy
1986,45,John Lucas
1986,42,Norm Nixon
1986,41,Trent Tucker
1986,41,Mike McGee
1987,90,Larry Bird
1987,89,Michael Cooper
1987,86,Dale Ellis
1987,86,Mike McGee
1987,85,Danny Ainge
1987,85,Craig Hodges
1987,76,Derek Harper
1987,73,Sleepy Floyd
1987,68,Trent Tucker
1987,67,Darrell Griffith
1988,148,Danny Ainge
1988,139,Michael Adams
1988,107,Dale Ellis
1988,98,Larry Bird
1988,86,Craig Hodges
1988,72,Mark Price
1988,69,Gerald Henderson
1988,69,Trent Tucker
1988,62,Byron Scott
1988,61,Reggie Miller
1989,166,Michael Adams
1989,162,Dale Ellis
1989,119,Harold Pressley
1989,118,Trent Tucker
1989,116,Danny Ainge
1989,109,Sleepy Floyd
1989,99,Derek Harper
1989,98,Reggie Miller
1989,97,Johnny Newman
1989,93,Mark Price
1990,158,Michael Adams
1990,152,Mark Price
1990,150,Reggie Miller
1990,108,Danny Ainge
1990,106,Magic Johnson
1990,104,Craig Ehlo
1990,96,Dale Ellis
1990,95,Dana Barros
1990,95,Trent Tucker
1990,94,Chuck Person
1991,172,Vernon Maxwell
1991,167,Michael Adams
1991,130,Terry Porter
1991,125,Dennis Scott
1991,112,Reggie Miller
1991,108,Hersey Hawkins
1991,102,Danny Ainge
1991,97,Tim Hardaway
1991,93,Scott Skiles
1991,89,Derek Harper
1992,162,Vernon Maxwell
1992,155,Glen Rice
1992,138,Dale Ellis
1992,132,Chuck Person
1992,129,Reggie Miller
1992,128,Terry Porter
1992,127,Tim Hardaway
1992,125,Michael Adams
1992,123,Dražen Petrović
1992,114,Clyde Drexler
1993,167,Reggie Miller
1993,167,Dan Majerle
1993,150,Danny Ainge
1993,148,Glen Rice
1993,143,Terry Porter
1993,122,Hersey Hawkins
1993,122,Mark Price
1993,120,Dominique Wilkins
1993,120,Vernon Maxwell
1993,119,Dale Ellis
1994,192,Dan Majerle
1994,155,Dennis Scott
1994,152,Dell Curry
1994,141,Latrell Sprewell
1994,135,Dana Barros
1994,132,Glen Rice
1994,131,Dale Ellis
1994,127,Mitch Richmond
1994,124,Joe Dumars
1994,123,Reggie Miller
1995,217,John Starks
1995,199,Mookie Blaylock
1995,199,Dan Majerle
1995,197,Dana Barros
1995,195,Reggie Miller
1995,185,Glen Rice
1995,183,Nick Van Exel
1995,179,Nick Anderson
1995,172,Chuck Person
1995,168,Tim Hardaway
1996,267,Dennis Scott
1996,257,George McCloud
1996,231,Mookie Blaylock
1996,225,Mitch Richmond
1996,191,Allan Houston
1996,190,Chuck Person
1996,178,Clifford Robinson
1996,171,Glen Rice
1996,168,Reggie Miller
1996,168,Nick Anderson
1997,229,Reggie Miller
1997,221,Mookie Blaylock
1997,207,Glen Rice
1997,204,Mitch Richmond
1997,203,Tim Hardaway
1997,192,Dale Ellis
1997,183,Voshon Lenard
1997,177,Nick Van Exel
1997,176,Damon Stoudamire
1997,175,Walt Williams
1998,192,Wesley Person
1998,164,Reggie Miller
1998,158,Tracy Murray
1998,158,Joe Dumars
1998,155,Tim Hardaway
1998,153,Voshon Lenard
1998,143,Eddie Jones
1998,135,Isaiah Rider
1998,134,Ray Allen
1998,134,Gary Payton
1999,135,Dee Brown
1999,112,Tim Hardaway
1999,106,Reggie Miller
1999,100,Jason Williams
1999,96,Nick Anderson
1999,94,Dale Ellis
1999,89,Joe Dumars
1999,87,Sam Mack
1999,85,Chauncey Billups
1999,84,Paul Pierce
2000,177,Gary Payton
2000,172,Ray Allen
2000,168,Lindsey Hunter
2000,165,Reggie Miller
2000,164,Brent Barry
2000,145,Jason Williams
2000,137,Darrell Armstrong
2000,133,Nick Van Exel
2000,132,Nick Anderson
2000,128,Eddie Jones
2001,221,Antoine Walker
2001,202,Ray Allen
2001,189,Tim Hardaway
2001,170,Reggie Miller
2001,166,Jerry Stackhouse
2001,162,Vince Carter
2001,152,Lindsey Hunter
2001,151,Dirk Nowitzki
2001,148,Mike Miller
2001,147,Paul Pierce
2002,229,Ray Allen
2002,222,Antoine Walker
2002,210,Paul Pierce
2002,180,Reggie Miller
2002,172,Jason Terry
2002,170,Baron Davis
2002,169,Pat Garrity
2002,164,Brent Barry
2002,156,Steve Nash
2002,149,Cuttino Mobley
2003,201,Ray Allen
2003,188,Antoine Walker
2003,182,Michael Redd
2003,178,Allan Houston
2003,173,Tracy McGrady
2003,161,Pat Garrity
2003,160,Jason Terry
2003,155,Peja Stojaković
2003,149,Chauncey Billups
2003,148,Dirk Nowitzki
2004,240,Peja Stojaković
2004,187,Baron Davis
2004,177,Eddie Jones
2004,174,Tracy McGrady
2004,165,Jamal Crawford
2004,164,Cuttino Mobley
2004,162,Jim Jackson
2004,161,Rafer Alston
2004,156,Damon Stoudamire
2004,150,Michael Finley
2005,226,Quentin Richardson
2005,226,Kyle Korver
2005,225,Damon Jones
2005,209,Ray Allen
2005,205,Gilbert Arenas
2005,185,Jamal Crawford
2005,181,Damon Stoudamire
2005,177,Joe Johnson
2005,176,Chucky Atkins
2005,174,Peja Stojaković
2006,269,Ray Allen
2006,199,Gilbert Arenas
2006,197,Raja Bell
2006,192,Mike Bibby
2006,184,Chauncey Billups
2006,184,Kyle Korver
2006,183,Jason Richardson
2006,180,Kobe Bryant
2006,177,Morris Peterson
2006,171,Jason Terry
2007,205,Gilbert Arenas
2007,205,Raja Bell
2007,202,Mike Miller
2007,192,Rafer Alston
2007,190,Leandro Barbosa
2007,177,Luther Head
2007,173,Mike Bibby
2007,165,Ray Allen
2007,162,Jason Terry
2007,157,Shane Battier
2008,243,Jason Richardson
2008,231,Peja Stojaković
2008,226,Rashard Lewis
2008,182,Stephen Jackson
2008,180,Ray Allen
2008,179,Steve Nash
2008,176,Jamal Crawford
2008,176,Raja Bell
2008,173,Baron Davis
2008,171,Danny Granger
2009,220,Rashard Lewis
2009,199,Ray Allen
2009,183,Mo Williams
2009,182,Danny Granger
2009,180,J.R. Smith
2009,173,Ben Gordon
2009,171,Al Harrington
2009,167,Jason Terry
2009,167,Mike Bibby
2009,166,Roger Mason
2010,209,Aaron Brooks
2010,186,Danilo Gallinari
2010,176,Jason Kidd
2010,172,Channing Frye
2010,168,Rashard Lewis
2010,166,Stephen Curry
2010,163,Jamal Crawford
2010,159,Mo Williams
2010,158,Danny Granger
2010,158,J.R. Smith
2011,194,Dorell Wright
2011,189,Jason Richardson
2011,176,Kevin Martin
2011,171,Channing Frye
2011,168,Ray Allen
2011,157,Danny Granger
2011,154,Manu Ginóbili
2011,154,Wesley Matthews
2011,153,Mike Bibby
2011,151,Stephen Curry
2012,166,Ryan Anderson
2012,138,Jason Terry
2012,133,Kevin Durant
2012,133,Steve Novak
2012,129,Brandon Jennings
2012,129,Wesley Matthews
2012,127,Randy Foye
2012,125,Joe Johnson
2012,123,Danny Granger
2012,118,Kyle Korver
2013,272,Stephen Curry
2013,213,Ryan Anderson
2013,211,Klay Thompson
2013,189,Kyle Korver
2013,185,Damian Lillard
2013,179,James Harden
2013,178,Randy Foye
2013,177,Danny Green
2013,173,Brandon Jennings
2013,170,Paul George
2014,261,Stephen Curry
2014,223,Klay Thompson
2014,218,Damian Lillard
2014,204,Gerald Green
2014,201,Wesley Matthews
2014,192,Kevin Durant
2014,191,José Calderón
2014,190,Kevin Love
2014,190,Kyle Lowry
2014,189,J.R. Smith
2015,286,Stephen Curry
2015,239,Klay Thompson
2015,221,Kyle Korver
2015,208,James Harden
2015,200,JJ Redick
2015,196,Damian Lillard
2015,194,Trevor Ariza
2015,191,Danny Green
2015,173,Wesley Matthews
2015,167,Robert Covington
2016,402,Stephen Curry
2016,276,Klay Thompson
2016,236,James Harden
2016,229,Damian Lillard
2016,212,Kyle Lowry
2016,210,Paul George
2016,204,J.R. Smith
2016,200,JJ Redick
2016,197,CJ McCollum
2016,189,Wesley Matthews
2017,324,Stephen Curry
2017,268,Klay Thompson
2017,262,James Harden
2017,246,Eric Gordon
2017,245,Isaiah Thomas
2017,240,Kemba Walker
2017,223,Bradley Beal
2017,214,Damian Lillard
2017,204,Ryan Anderson
2017,201,JJ Redick
2018,265,James Harden
2018,244,Paul George
2018,238,Kyle Lowry
2018,231,Kemba Walker
2018,229,Klay Thompson
2018,227,Damian Lillard
2018,227,Wayne Ellington
2018,218,Eric Gordon
2018,212,Stephen Curry
2018,204,Joe Ingles
2019,378,James Harden
2019,354,Stephen Curry
2019,292,Paul George
2019,278,Buddy Hield
2019,260,Kemba Walker
2019,241,Klay Thompson
2019,240,JJ Redick
2019,237,Damian Lillard
2019,234,D'Angelo Russell
2019,217,Terrence Ross
2020,299,James Harden
2020,271,Buddy Hield
2020,270,Damian Lillard
2020,270,Duncan Robinson
2020,218,Devonte' Graham
2020,205,Trae Young
2020,204,Tim Hardaway Jr.
2020,200,Dāvis Bertāns
2020,194,CJ McCollum
2020,189,Jayson Tatum
2021,337,Stephen Curry
2021,282,Buddy Hield
2021,275,Damian Lillard
2021,250,Duncan Robinson
2021,222,Terry Rozier
2021,211,Joe Harris
2021,208,Jordan Clarkson
2021,207,Tim Hardaway Jr.
2021,200,Zach LaVine
2021,192,Luka Dončić
2022,285,Stephen Curry
2022,262,Buddy Hield
2022,242,Fred VanVleet
2022,241,Evan Fournier
2022,240,Malik Beasley
2022,233,Trae Young
2022,232,Donovan Mitchell
2022,232,Duncan Robinson
2022,230,Jayson Tatum
2022,228,Desmond Bane
2023,301,Klay Thompson
2023,288,Buddy Hield
2023,273,Stephen Curry
2023,245,Donovan Mitchell
2023,244,Damian Lillard
2023,240,Jayson Tatum
2023,235,Malik Beasley
2023,218,Julius Randle
2023,214,Jordan Poole
2023,213,Anthony Edwards
2024,357,Stephen Curry
2024,284,Luka Dončić
2024,283,Donte DiVincenzo
2024,268,Klay Thompson
2024,243,Paul George
2024,240,Bogdan Bogdanović
2024,239,CJ McCollum
2024,229,Jayson Tatum
2024,227,Fred VanVleet
2024,226,D'Angelo Russell
2025,320,Anthony Edwards
2025,319,Malik Beasley
2025,311,Stephen Curry
2025,265,Derrick White
2025,255,Payton Pritchard
2025,251,Tyler Herro
2025,250,Jayson Tatum
2025,239,Zach LaVine
2025,235,James Harden
2025,235,Jordan Poole
2026,273,Kon Knueppel
2026,272,LaMelo Ball
2026,254,Luka Dončić
2026,251,Nickeil Alexander-Walker
2026,245,Jamal Murray
2026,244,Donte DiVincenzo
2026,232,Collin Gillespie
2026,232,A.J. Green
2026,227,Reed Sheppard
2026,224,Donovan Mitchell
