ppg,ts_vs_league,player,season_end,ts_pct
33.1,5.6,George Gervin,1980,58.7
25.8,2.8,Moses Malone,1980,56.0
26.9,3.7,Julius Erving,1980,56.8
30.2,1.2,World B. Free,1980,54.4
28.0,10.4,Adrian Dantley,1980,63.5
30.6,8.7,Adrian Dantley,1981,62.2
27.8,5.1,Moses Malone,1981,58.5
27.1,2.0,George Gervin,1981,55.5
26.2,8.2,Kareem Abdul-Jabbar,1981,61.6
25.5,3.7,David Thompson,1981,57.1
32.3,2.4,George Gervin,1982,56.2
31.1,3.8,Moses Malone,1982,57.6
30.3,9.3,Adrian Dantley,1982,63.1
25.4,5.7,Alex English,1982,59.6
28.4,3.0,Alex English,1983,56.1
26.7,8.2,Kiki Vandeweghe,1983,61.3
26.2,3.0,George Gervin,1983,56.1
26.5,3.3,Kelly Tripucka,1983,56.5
30.6,10.9,Adrian Dantley,1984,65.2
29.5,2.9,Mark Aguirre,1984,57.2
29.4,7.5,Kiki Vandeweghe,1984,61.8
26.4,2.7,Alex English,1984,57.0
26.3,7.6,Bernard King,1984,61.9
25.9,0.8,George Gervin,1984,55.1
28.2,4.9,Michael Jordan,1985,59.2
28.7,4.2,Larry Bird,1985,58.5
27.9,1.8,Alex English,1985,56.1
27.4,-2.9,Dominique Wilkins,1985,51.4
28.0,-1.0,Purvis Short,1985,53.3
25.7,2.0,Mark Aguirre,1985,56.3
29.8,2.1,Alex English,1986,56.2
30.3,-0.5,Dominique Wilkins,1986,53.6
29.8,8.8,Adrian Dantley,1986,62.9
25.8,4.0,Larry Bird,1986,58.0
25.5,0.6,Purvis Short,1986,54.7
37.1,2.4,Michael Jordan,1987,56.2
28.6,1.1,Alex English,1987,54.9
29.0,0.5,Dominique Wilkins,1987,54.3
26.9,5.9,Kiki Vandeweghe,1987,59.7
28.1,7.4,Larry Bird,1987,61.2
25.7,2.2,Mark Aguirre,1987,56.0
26.1,11.7,Kevin McHale,1987,65.5
35.0,6.6,Michael Jordan,1988,60.3
30.7,-0.4,Dominique Wilkins,1988,53.4
29.9,7.0,Larry Bird,1988,60.8
27.7,3.0,Karl Malone,1988,56.8
28.3,12.7,Charles Barkley,1988,66.5
27.0,2.6,Clyde Drexler,1988,56.4
25.0,-0.3,Alex English,1988,53.5
25.8,3.5,Dale Ellis,1988,57.2
25.1,0.1,Mark Aguirre,1988,53.9
32.5,7.7,Michael Jordan,1989,61.4
29.1,5.5,Karl Malone,1989,59.2
27.5,5.2,Dale Ellis,1989,58.9
26.5,4.4,Chris Mullin,1989,58.1
26.5,-0.6,Alex English,1989,53.1
27.2,1.8,Clyde Drexler,1989,55.5
26.2,-0.9,Dominique Wilkins,1989,52.8
25.7,1.0,Tom Chambers,1989,54.7
25.8,11.6,Charles Barkley,1989,65.3
33.6,6.9,Michael Jordan,1990,60.6
31.0,8.9,Karl Malone,1990,62.6
28.6,6.3,Patrick Ewing,1990,59.9
27.2,4.2,Tom Chambers,1990,57.9
26.7,1.9,Dominique Wilkins,1990,55.6
25.2,12.4,Charles Barkley,1990,66.1
25.1,10.6,Chris Mullin,1990,64.3
31.5,7.1,Michael Jordan,1991,60.5
29.0,6.1,Karl Malone,1991,59.6
26.6,2.7,Patrick Ewing,1991,56.1
25.7,8.4,Chris Mullin,1991,61.8
25.6,8.1,David Robinson,1991,61.5
25.9,2.1,Dominique Wilkins,1991,55.5
27.6,10.0,Charles Barkley,1991,63.5
28.4,-0.8,Bernard King,1991,52.7
26.5,-0.5,Michael Adams,1991,53.0
30.1,4.7,Michael Jordan,1992,57.9
28.0,6.8,Karl Malone,1992,59.9
25.6,5.5,Chris Mullin,1992,58.6
25.0,2.9,Clyde Drexler,1992,56.0
32.6,2.8,Michael Jordan,1993,56.4
27.0,7.6,Karl Malone,1993,61.2
26.1,4.1,Hakeem Olajuwon,1993,57.7
29.9,3.4,Dominique Wilkins,1993,57.0
25.6,5.9,Charles Barkley,1993,59.6
29.8,4.9,David Robinson,1994,57.7
29.3,7.7,Shaquille O'Neal,1994,60.5
27.3,3.7,Hakeem Olajuwon,1994,56.5
25.2,2.2,Karl Malone,1994,55.0
26.0,0.1,Dominique Wilkins,1994,52.9
29.3,4.5,Shaquille O'Neal,1995,58.8
27.6,5.9,David Robinson,1995,60.2
26.7,4.7,Karl Malone,1995,59.0
27.8,2.0,Hakeem Olajuwon,1995,56.3
30.4,4.0,Michael Jordan,1996,58.2
25.7,3.3,Karl Malone,1996,57.5
25.0,4.7,David Robinson,1996,58.9
26.9,1.6,Hakeem Olajuwon,1996,55.8
29.6,3.1,Michael Jordan,1997,56.7
27.4,6.4,Karl Malone,1997,60.0
26.8,6.9,Glen Rice,1997,60.5
25.9,4.3,Mitch Richmond,1997,57.8
28.7,1.0,Michael Jordan,1998,53.3
27.0,7.3,Karl Malone,1998,59.7
28.3,6.4,Shaquille O'Neal,1998,58.7
29.7,5.5,Shaquille O'Neal,2000,57.8
25.7,2.1,Vince Carter,2000,54.3
25.5,5.9,Karl Malone,2000,58.2
28.4,-2.7,Allen Iverson,2000,49.6
25.8,4.2,Grant Hill,2000,56.5
29.8,0.3,Jerry Stackhouse,2001,52.1
31.1,0.0,Allen Iverson,2001,51.8
28.7,5.7,Shaquille O'Neal,2001,57.4
25.3,4.6,Paul Pierce,2001,56.3
27.6,3.4,Vince Carter,2001,55.1
26.8,0.3,Tracy McGrady,2001,52.1
28.5,3.4,Kobe Bryant,2001,55.2
27.1,-0.1,Chris Webber,2001,51.6
26.1,5.0,Paul Pierce,2002,57.0
25.5,5.6,Tim Duncan,2002,57.6
25.2,2.4,Kobe Bryant,2002,54.4
25.6,1.2,Tracy McGrady,2002,53.2
31.4,-3.2,Allen Iverson,2002,48.9
27.2,7.0,Shaquille O'Neal,2002,59.0
30.0,3.1,Kobe Bryant,2003,55.0
32.1,4.5,Tracy McGrady,2003,56.4
27.6,-2.0,Allen Iverson,2003,50.0
25.9,1.3,Paul Pierce,2003,53.2
25.1,6.2,Dirk Nowitzki,2003,58.1
27.5,8.2,Shaquille O'Neal,2003,60.2
28.0,1.0,Tracy McGrady,2004,52.6
30.7,0.3,Allen Iverson,2005,53.2
27.2,2.4,LeBron James,2005,55.4
26.0,8.8,Amar'e Stoudemire,2005,61.7
25.5,3.5,Gilbert Arenas,2005,56.5
26.1,4.9,Dirk Nowitzki,2005,57.8
25.7,-0.4,Tracy McGrady,2005,52.6
27.6,3.3,Kobe Bryant,2005,56.3
35.4,2.3,Kobe Bryant,2006,55.9
31.4,3.2,LeBron James,2006,56.8
33.0,0.8,Allen Iverson,2006,54.3
29.3,4.5,Gilbert Arenas,2006,58.1
26.6,5.3,Dirk Nowitzki,2006,58.9
26.5,2.8,Carmelo Anthony,2006,56.3
26.8,4.6,Paul Pierce,2006,58.2
27.2,4.2,Dwyane Wade,2006,57.7
25.4,3.8,Michael Redd,2006,57.4
25.1,5.4,Ray Allen,2006,59.0
31.6,3.9,Kobe Bryant,2007,58.0
27.3,1.1,LeBron James,2007,55.2
28.4,2.3,Gilbert Arenas,2007,56.5
25.2,1.8,Vince Carter,2007,55.9
28.9,1.1,Carmelo Anthony,2007,55.2
26.3,-0.1,Allen Iverson,2007,54.0
28.3,3.6,Kobe Bryant,2008,57.6
30.0,2.8,LeBron James,2008,56.8
26.4,2.7,Allen Iverson,2008,56.7
25.2,11.6,Amar'e Stoudemire,2008,65.6
25.7,2.8,Carmelo Anthony,2008,56.8
30.2,3.0,Dwyane Wade,2009,57.4
28.4,4.7,LeBron James,2009,59.1
26.8,1.7,Kobe Bryant,2009,56.1
25.9,2.0,Dirk Nowitzki,2009,56.4
25.3,3.3,Kevin Durant,2009,57.7
25.8,4.0,Danny Granger,2009,58.4
30.1,6.4,Kevin Durant,2010,60.7
29.7,6.1,LeBron James,2010,60.4
26.6,1.9,Dwyane Wade,2010,56.2
25.0,3.5,Dirk Nowitzki,2010,57.8
27.0,0.2,Kobe Bryant,2010,54.5
28.2,0.6,Carmelo Anthony,2010,54.8
25.5,-2.6,Monta Ellis,2010,51.7
27.7,4.7,Kevin Durant,2011,58.9
26.7,5.3,LeBron James,2011,59.4
25.3,0.7,Kobe Bryant,2011,54.8
25.0,0.9,Derrick Rose,2011,55.0
25.3,2.3,Amar'e Stoudemire,2011,56.5
25.6,1.5,Carmelo Anthony,2011,55.7
25.5,3.9,Dwyane Wade,2011,58.1
28.0,8.2,Kevin Durant,2012,61.0
27.1,7.8,LeBron James,2012,60.5
27.9,-0.1,Kobe Bryant,2012,52.7
28.1,11.2,Kevin Durant,2013,64.7
27.3,3.6,Kobe Bryant,2013,57.0
26.8,10.6,LeBron James,2013,64.0
25.9,6.6,James Harden,2013,60.0
28.7,2.5,Carmelo Anthony,2013,56.0
32.0,9.4,Kevin Durant,2014,63.5
27.4,2.1,Carmelo Anthony,2014,56.1
27.1,10.8,LeBron James,2014,64.9
26.1,5.0,Kevin Love,2014,59.1
25.4,7.7,James Harden,2014,61.8
27.4,7.1,James Harden,2015,60.5
28.1,0.2,Russell Westbrook,2015,53.6
25.3,4.2,LeBron James,2015,57.7
29.0,5.7,James Harden,2016,59.8
30.1,12.8,Stephen Curry,2016,66.9
28.2,9.3,Kevin Durant,2016,63.4
25.3,4.7,LeBron James,2016,58.8
25.1,1.9,Damian Lillard,2016,56.0
26.9,-0.3,DeMarcus Cousins,2016,53.8
31.6,0.1,Russell Westbrook,2017,55.4
29.1,6.1,James Harden,2017,61.3
28.9,7.3,Isaiah Thomas,2017,62.5
28.0,2.7,Anthony Davis,2017,58.0
25.1,6.5,Karl-Anthony Towns,2017,61.8
27.0,3.3,Damian Lillard,2017,58.6
27.3,-0.0,DeMar DeRozan,2017,55.2
25.3,7.1,Stephen Curry,2017,62.4
26.4,6.7,LeBron James,2017,61.9
27.0,1.0,DeMarcus Cousins,2017,56.2
25.5,5.8,Kawhi Leonard,2017,61.0
25.2,2.8,Kyrie Irving,2017,58.0
25.1,9.8,Kevin Durant,2017,65.1
27.5,6.4,LeBron James,2018,62.1
30.4,6.3,James Harden,2018,61.9
28.1,5.5,Anthony Davis,2018,61.2
25.4,-3.2,Russell Westbrook,2018,52.4
26.9,4.2,Giannis Antetokounmpo,2018,59.8
26.9,3.8,Damian Lillard,2018,59.4
26.4,8.4,Kevin Durant,2018,64.0
36.1,5.7,James Harden,2019,61.6
28.0,2.3,Paul George,2019,58.3
25.6,-0.1,Kemba Walker,2019,55.8
25.6,2.1,Bradley Beal,2019,58.1
25.8,2.8,Damian Lillard,2019,58.8
26.0,7.2,Kevin Durant,2019,63.1
27.7,8.4,Giannis Antetokounmpo,2019,64.4
27.3,8.2,Stephen Curry,2019,64.1
27.5,3.3,Joel Embiid,2019,59.3
26.6,2.5,Devin Booker,2019,58.4
26.6,4.7,Kawhi Leonard,2019,60.6
34.3,6.1,James Harden,2020,62.6
30.0,6.2,Damian Lillard,2020,62.7
26.6,5.3,Devin Booker,2020,61.8
29.5,4.8,Giannis Antetokounmpo,2020,61.3
29.6,3.0,Trae Young,2020,59.5
28.8,2.1,Luka Dončić,2020,58.5
25.3,1.3,LeBron James,2020,57.7
26.1,4.5,Anthony Davis,2020,61.0
25.5,0.4,Zach LaVine,2020,56.8
32.0,8.3,Stephen Curry,2021,65.5
28.8,5.1,Damian Lillard,2021,62.3
26.4,7.5,Nikola Jokić,2021,64.7
31.3,2.1,Bradley Beal,2021,59.3
27.7,1.5,Luka Dončić,2021,58.7
28.1,6.2,Giannis Antetokounmpo,2021,63.3
25.6,1.5,Devin Booker,2021,58.7
26.4,0.5,Jayson Tatum,2021,57.6
27.0,7.7,Zion Williamson,2021,64.9
25.3,1.8,Trae Young,2021,58.9
27.4,6.3,Zach LaVine,2021,63.4
25.2,-0.7,De'Aaron Fox,2021,56.5
28.4,3.7,Trae Young,2022,60.3
27.9,2.4,DeMar DeRozan,2022,59.0
30.6,5.0,Joel Embiid,2022,61.6
26.9,1.2,Jayson Tatum,2022,57.8
27.1,9.5,Nikola Jokić,2022,66.1
29.9,6.7,Giannis Antetokounmpo,2022,63.3
28.4,0.5,Luka Dončić,2022,57.1
26.8,1.0,Devin Booker,2022,57.6
25.9,0.6,Donovan Mitchell,2022,57.2
25.5,3.5,Stephen Curry,2022,60.1
30.1,2.6,Jayson Tatum,2023,60.7
33.1,7.3,Joel Embiid,2023,65.5
32.4,2.8,Luka Dončić,2023,60.9
31.4,4.4,Shai Gilgeous-Alexander,2023,62.6
31.1,2.4,Giannis Antetokounmpo,2023,60.5
25.1,-0.0,Julius Randle,2023,58.1
28.3,3.3,Donovan Mitchell,2023,61.4
26.2,-0.9,Trae Young,2023,57.3
32.2,6.3,Damian Lillard,2023,64.5
25.0,1.8,De'Aaron Fox,2023,59.9
26.6,0.0,Jaylen Brown,2023,58.1
25.6,5.9,Lauri Markkanen,2023,64.0
27.1,3.2,Kyrie Irving,2023,61.3
26.2,-2.4,Ja Morant,2023,55.7
33.9,3.7,Luka Dončić,2024,61.7
30.1,5.6,Shai Gilgeous-Alexander,2024,63.6
30.4,6.9,Giannis Antetokounmpo,2024,64.9
28.7,1.3,Jalen Brunson,2024,59.2
26.4,7.0,Nikola Jokić,2024,65.0
25.9,-0.5,Anthony Edwards,2024,57.5
27.1,4.6,Kevin Durant,2024,62.6
26.9,2.4,Jayson Tatum,2024,60.4
26.6,-1.3,De'Aaron Fox,2024,56.7
26.4,3.6,Stephen Curry,2024,61.6
27.1,3.1,Devin Booker,2024,61.1
25.7,5.0,LeBron James,2024,63.0
25.9,-0.7,Tyrese Maxey,2024,57.3
25.6,2.8,Kyrie Irving,2024,60.8
32.7,6.1,Shai Gilgeous-Alexander,2025,63.7
27.6,1.9,Anthony Edwards,2025,59.5
29.6,8.7,Nikola Jokić,2025,66.3
30.4,4.8,Giannis Antetokounmpo,2025,62.5
26.8,0.6,Jayson Tatum,2025,58.2
25.6,1.3,Devin Booker,2025,58.9
26.1,-1.1,Cade Cunningham,2025,56.5
26.0,2.9,Jalen Brunson,2025,60.5
26.6,6.6,Kevin Durant,2025,64.2
33.5,3.4,Luka Dončić,2026,61.6
31.1,8.4,Shai Gilgeous-Alexander,2026,66.5
28.7,-0.9,Jaylen Brown,2026,57.3
26.0,5.9,Kevin Durant,2026,64.1
28.3,0.6,Tyrese Maxey,2026,58.8
27.9,3.2,Donovan Mitchell,2026,61.3
26.0,-0.1,Jalen Brunson,2026,58.0
25.4,4.0,Jamal Murray,2026,62.2
27.9,4.8,Kawhi Leonard,2026,62.9
27.7,8.8,Nikola Jokić,2026,67.0
28.8,3.6,Anthony Edwards,2026,61.7
26.1,0.3,Devin Booker,2026,58.5
25.0,4.5,Victor Wembanyama,2026,62.6
