fg3a,fg3_pct,player,season_end,fg3
466,35.6,Michael Adams,1989,166
432,36.6,Michael Adams,1990,158
564,29.6,Michael Adams,1991,167
510,33.7,Vernon Maxwell,1991,172
473,34.2,Vernon Maxwell,1992,162
419,39.9,Reggie Miller,1993,167
438,38.1,Dan Majerle,1993,167
503,38.2,Dan Majerle,1994,192
403,29.8,Vernon Maxwell,1994,120
424,36.8,Mitch Richmond,1995,156
451,41.0,Glen Rice,1995,185
425,46.4,Dana Barros,1995,197
408,36.0,Clyde Drexler,1995,147
470,41.5,Reggie Miller,1995,195
555,35.9,Mookie Blaylock,1995,199
511,35.8,Nick Van Exel,1995,183
418,39.0,Todd Day,1995,163
416,32.9,Steve Smith,1995,137
548,36.3,Dan Majerle,1995,199
444,37.8,Tim Hardaway,1995,168
611,35.5,John Starks,1995,217
431,41.5,Nick Anderson,1995,179
445,38.7,Chuck Person,1995,172
441,32.4,Vernon Maxwell,1995,143
515,43.7,Mitch Richmond,1996,225
403,42.4,Glen Rice,1996,171
471,37.8,Clifford Robinson,1996,178
447,42.7,Allan Houston,1996,191
410,41.0,Reggie Miller,1996,168
678,37.9,George McCloud,1996,257
401,37.4,Scottie Pippen,1996,150
423,33.1,Steve Smith,1996,140
628,42.5,Dennis Scott,1996,267
623,37.1,Mookie Blaylock,1996,231
460,31.7,Vernon Maxwell,1996,146
406,40.4,Dell Curry,1996,164
430,39.1,Nick Anderson,1996,168
403,35.7,Nick Van Exel,1996,144
463,41.0,Chuck Person,1996,190
414,35.3,Dan Majerle,1996,146
440,47.0,Glen Rice,1997,207
477,42.8,Mitch Richmond,1997,204
415,35.4,Latrell Sprewell,1997,147
455,34.1,Allen Iverson,1997,155
536,42.7,Reggie Miller,1997,229
424,36.8,Scottie Pippen,1997,156
590,34.4,Tim Hardaway,1997,203
496,35.5,Damon Stoudamire,1997,176
528,36.4,Dale Ellis,1997,192
604,36.6,Mookie Blaylock,1997,221
419,37.7,Kerry Kittles,1997,158
468,37.8,Nick Van Exel,1997,177
437,40.0,Walt Williams,1997,175
468,35.5,Lindsey Hunter,1997,166
414,41.3,Wesley Person,1997,171
407,36.9,John Starks,1997,150
442,41.4,Voshon Lenard,1997,183
415,42.2,Terry Mills,1997,175
405,35.3,Nick Anderson,1997,143
442,35.1,Tim Hardaway,1998,155
420,32.1,Isaiah Rider,1998,135
403,39.2,Tracy Murray,1998,158
447,43.0,Wesley Person,1998,192
426,37.1,Joe Dumars,1998,158
520,34.0,Gary Payton,2000,177
407,42.3,Ray Allen,2000,172
404,40.8,Reggie Miller,2000,165
403,34.0,Darrell Armstrong,2000,137
401,33.2,Nick Van Exel,2000,133
505,28.7,Jason Williams,2000,145
473,35.1,Jerry Stackhouse,2001,166
603,36.7,Antoine Walker,2001,221
467,43.3,Ray Allen,2001,202
464,36.6,Reggie Miller,2001,170
403,35.5,Darrell Armstrong,2001,143
517,36.6,Tim Hardaway,2001,189
407,37.3,Lindsey Hunter,2001,152
520,40.4,Paul Pierce,2002,210
645,34.4,Antoine Walker,2002,222
403,36.0,Latrell Sprewell,2002,145
444,38.7,Jason Terry,2002,172
528,43.4,Ray Allen,2002,229
478,35.6,Baron Davis,2002,170
443,40.6,Reggie Miller,2002,180
430,29.5,Jason Williams,2002,127
448,38.6,Tracy McGrady,2003,173
450,39.6,Allan Houston,2003,178
533,37.7,Ray Allen,2003,201
582,32.3,Antoine Walker,2003,188
431,37.1,Jason Terry,2003,160
406,38.2,Peja Stojaković,2003,155
416,43.8,Michael Redd,2003,182
404,35.4,Jason Williams,2003,143
407,39.6,Pat Garrity,2003,161
554,43.3,Peja Stojaković,2004,240
513,33.9,Tracy McGrady,2004,174
582,32.1,Baron Davis,2004,187
427,34.0,Stephen Jackson,2004,145
479,37.0,Eddie Jones,2004,177
521,31.7,Jamal Crawford,2004,165
421,34.7,Jason Terry,2004,146
420,39.0,Cuttino Mobley,2004,164
427,36.5,Damon Stoudamire,2004,156
405,40.0,Jim Jackson,2004,162
429,31.5,Darrell Armstrong,2004,135
434,37.1,Rafer Alston,2004,161
562,36.5,Gilbert Arenas,2005,205
435,32.6,Tracy McGrady,2005,142
556,37.6,Ray Allen,2005,209
432,40.0,Rashard Lewis,2005,173
433,40.2,Peja Stojaković,2005,174
490,36.9,Damon Stoudamire,2005,181
512,36.1,Jamal Crawford,2005,185
408,35.5,Kirk Hinrich,2005,145
631,35.8,Quentin Richardson,2005,226
455,38.7,Chucky Atkins,2005,176
521,43.2,Damon Jones,2005,225
558,40.5,Kyle Korver,2005,226
518,34.7,Kobe Bryant,2006,180
540,36.9,Gilbert Arenas,2006,199
413,39.5,Michael Redd,2006,163
653,41.2,Ray Allen,2006,269
477,38.4,Jason Richardson,2006,183
497,38.6,Mike Bibby,2006,192
425,43.3,Chauncey Billups,2006,184
448,39.5,Morris Peterson,2006,177
416,41.1,Jason Terry,2006,171
404,40.1,Peja Stojaković,2006,162
434,35.7,Rasheed Wallace,2006,155
446,44.2,Raja Bell,2006,197
438,42.0,Kyle Korver,2006,184
584,35.1,Gilbert Arenas,2007,205
437,35.7,Vince Carter,2007,156
443,37.2,Ray Allen,2007,165
438,43.4,Leandro Barbosa,2007,190
481,36.0,Mike Bibby,2007,173
498,40.6,Mike Miller,2007,202
496,41.3,Raja Bell,2007,205
529,36.3,Rafer Alston,2007,192
401,44.1,Luther Head,2007,177
415,36.1,Kobe Bryant,2008,150
525,33.0,Baron Davis,2008,173
599,40.6,Jason Richardson,2008,243
444,38.1,Joe Johnson,2008,169
494,35.6,Jamal Crawford,2008,176
415,40.0,Hedo Türkoğlu,2008,166
423,40.4,Danny Granger,2008,171
553,40.9,Rashard Lewis,2008,226
501,36.3,Stephen Jackson,2008,182
422,38.9,Leandro Barbosa,2008,164
452,39.8,Ray Allen,2008,180
524,44.1,Peja Stojaković,2008,231
408,37.5,Al Harrington,2008,153
407,35.1,Rafer Alston,2008,143
413,38.3,DeShawn Stevenson,2008,158
432,36.1,Juan Carlos Navarro,2008,156
439,40.1,Raja Bell,2008,176
409,36.2,Keith Bogans,2008,148
450,40.4,Danny Granger,2009,182
422,41.0,Ben Gordon,2009,173
414,36.0,Joe Johnson,2009,149
470,36.4,Al Harrington,2009,171
456,36.6,Jason Terry,2009,167
420,43.6,Mo Williams,2009,183
486,40.9,Ray Allen,2009,199
554,39.7,Rashard Lewis,2009,220
453,39.7,J.R. Smith,2009,180
428,39.0,Mike Bibby,2009,167
525,39.8,Aaron Brooks,2010,209
438,36.1,Danny Granger,2010,158
407,38.6,Chauncey Billups,2010,157
427,38.2,Jamal Crawford,2010,163
409,34.2,Al Harrington,2010,140
400,39.2,Jason Richardson,2010,157
488,38.1,Danilo Gallinari,2010,186
467,33.8,J.R. Smith,2010,158
407,33.4,Trevor Ariza,2010,136
423,39.7,Rashard Lewis,2010,168
432,33.6,Rasual Butler,2010,145
414,42.5,Jason Kidd,2010,176
414,35.0,Kevin Durant,2011,145
459,38.3,Kevin Martin,2011,176
407,38.6,Danny Granger,2011,157
441,34.9,Manu Ginóbili,2011,154
516,37.6,Dorell Wright,2011,194
479,39.5,Jason Richardson,2011,189
439,39.0,Channing Frye,2011,171
422,39.3,Ryan Anderson,2012,166
407,32.4,Kobe Bryant,2013,132
486,36.8,James Harden,2013,179
414,37.9,Carmelo Anthony,2013,157
600,45.3,Stephen Curry,2013,272
503,36.8,Damian Lillard,2013,185
447,37.8,Deron Williams,2013,169
436,35.6,J.R. Smith,2013,155
461,37.5,Brandon Jennings,2013,173
469,36.2,Paul George,2013,170
526,40.1,Klay Thompson,2013,211
557,38.2,Ryan Anderson,2013,213
451,36.6,JJ Redick,2013,165
444,37.2,Nicolas Batum,2013,165
425,39.8,Wesley Matthews,2013,169
412,34.2,Metta World Peace,2013,141
434,41.0,Randy Foye,2013,178
413,42.9,Danny Green,2013,177
414,45.7,Kyle Korver,2013,189
421,37.5,Carlos Delfino,2013,158
491,39.1,Kevin Durant,2014,192
415,40.2,Carmelo Anthony,2014,167
505,37.6,Kevin Love,2014,190
615,42.4,Stephen Curry,2014,261
483,36.6,James Harden,2014,177
500,36.4,Paul George,2014,182
554,39.4,Damian Lillard,2014,218
535,41.7,Klay Thompson,2014,223
500,38.0,Kyle Lowry,2014,190
511,39.3,Wesley Matthews,2014,201
510,40.0,Gerald Green,2014,204
446,36.1,Jamal Crawford,2014,161
404,40.1,Joe Johnson,2014,162
457,33.7,Brandon Jennings,2014,154
404,40.1,Jodie Meeks,2014,162
442,40.7,Trevor Ariza,2014,180
480,39.4,J.R. Smith,2014,189
402,36.1,Nicolas Batum,2014,145
498,38.0,Randy Foye,2014,189
425,44.9,José Calderón,2014,191
432,37.0,Channing Frye,2014,160
408,39.5,Terrence Ross,2014,161
555,37.5,James Harden,2015,208
646,44.3,Stephen Curry,2015,286
572,34.3,Damian Lillard,2015,196
545,43.9,Klay Thompson,2015,239
458,43.7,JJ Redick,2015,200
447,34.0,Lou Williams,2015,152
406,34.2,Wilson Chandler,2015,139
555,35.0,Trevor Ariza,2015,194
444,34.5,Kentavious Caldwell-Pope,2015,153
445,38.9,Wesley Matthews,2015,173
457,41.8,Danny Green,2015,191
446,37.4,Robert Covington,2015,167
446,34.5,C.J. Miles,2015,154
449,49.2,Kyle Korver,2015,221
426,38.3,J.R. Smith,2015,163
657,35.9,James Harden,2016,236
886,45.4,Stephen Curry,2016,402
481,38.7,Kevin Durant,2016,186
610,37.5,Damian Lillard,2016,229
566,37.1,Paul George,2016,210
465,35.9,Isaiah Thomas,2016,167
650,42.5,Klay Thompson,2016,276
490,37.1,Kemba Walker,2016,182
472,41.7,CJ McCollum,2016,197
547,38.8,Kyle Lowry,2016,212
410,34.9,Gordon Hayward,2016,143
439,36.0,Kevin Love,2016,158
421,47.5,JJ Redick,2016,200
467,28.5,Kobe Bryant,2016,133
407,36.1,Avery Bradley,2016,147
449,35.9,Rodney Hood,2016,161
499,37.1,Trevor Ariza,2016,185
525,36.0,Wesley Matthews,2016,189
460,39.3,Mirza Teletović,2016,181
510,40.0,J.R. Smith,2016,204
482,35.3,Robert Covington,2016,170
485,36.3,Isaiah Canaan,2016,176
583,34.3,Russell Westbrook,2017,200
756,34.7,James Harden,2017,262
646,37.9,Isaiah Thomas,2017,245
579,37.0,Damian Lillard,2017,214
789,41.1,Stephen Curry,2017,324
439,42.1,CJ McCollum,2017,185
602,39.9,Kemba Walker,2017,240
441,40.1,Kyrie Irving,2017,177
552,40.4,Bradley Beal,2017,223
496,39.3,Paul George,2017,195
647,41.4,Klay Thompson,2017,268
405,36.3,Devin Booker,2017,147
421,35.9,Carmelo Anthony,2017,151
446,36.5,Lou Williams,2017,163
419,40.8,Mike Conley,2017,171
468,41.2,Kyle Lowry,2017,193
661,37.2,Eric Gordon,2017,246
468,42.9,JJ Redick,2017,201
405,33.3,Nicolas Batum,2017,135
417,35.7,Tim Hardaway Jr.,2017,149
402,35.3,Ersan İlyasova,2017,142
437,35.0,Kentavious Caldwell-Pope,2017,153
479,36.3,Wesley Matthews,2017,174
506,40.3,Ryan Anderson,2017,204
555,34.4,Trevor Ariza,2017,191
412,33.3,Robert Covington,2017,137
409,41.3,C.J. Miles,2017,169
421,40.4,Nick Young,2017,170
406,36.7,LeBron James,2018,149
722,36.7,James Harden,2018,265
629,36.1,Damian Lillard,2018,227
530,37.5,Bradley Beal,2018,199
413,41.9,Kevin Durant,2018,173
518,35.9,Lou Williams,2018,186
601,38.4,Kemba Walker,2018,231
434,37.1,Victor Oladipo,2018,161
609,40.1,Paul George,2018,244
476,39.7,CJ McCollum,2018,189
407,35.9,Khris Middleton,2018,146
550,34.0,Donovan Mitchell,2018,187
445,41.1,Tobias Harris,2018,183
407,40.8,Kyrie Irving,2018,166
520,44.0,Klay Thompson,2018,229
436,37.8,Jamal Murray,2018,165
501,42.3,Stephen Curry,2018,212
422,37.0,Will Barton,2018,156
596,39.9,Kyle Lowry,2018,238
474,35.7,Carmelo Anthony,2018,169
608,35.9,Eric Gordon,2018,218
434,36.6,Kyle Kuzma,2018,159
460,42.0,JJ Redick,2018,193
457,38.5,Taurean Prince,2018,176
408,43.1,Buddy Hield,2018,176
401,36.2,Lauri Markkanen,2018,145
550,36.9,Robert Covington,2018,203
433,32.6,Spencer Dinwiddie,2018,141
410,31.7,Tim Hardaway Jr.,2018,130
415,38.3,Kentavious Caldwell-Pope,2018,159
532,37.8,Allen Crabbe,2018,201
464,44.0,Joe Ingles,2018,204
402,38.1,Terry Rozier,2018,153
449,35.9,Justin Holiday,2018,161
579,39.2,Wayne Ellington,2018,227
414,37.2,Patty Mills,2018,154
402,38.1,Wesley Matthews,2018,153
462,36.8,Trevor Ariza,2018,170
458,40.0,Troy Daniels,2018,183
454,36.1,C.J. Miles,2018,164
1028,36.8,James Harden,2019,378
757,38.6,Paul George,2019,292
731,35.6,Kemba Walker,2019,260
596,35.1,Bradley Beal,2019,209
643,36.9,Damian Lillard,2019,237
810,43.7,Stephen Curry,2019,354
522,36.2,Blake Griffin,2019,189
519,36.2,Donovan Mitchell,2019,188
635,36.9,D'Angelo Russell,2019,234
414,32.6,Devin Booker,2019,135
651,42.7,Buddy Hield,2019,278
599,40.2,Klay Thompson,2019,241
411,29.0,Russell Westbrook,2019,119
434,40.1,Kyrie Irving,2019,174
482,32.4,Trae Young,2019,156
514,32.7,Luka Dončić,2019,168
426,36.4,Mike Conley,2019,155
445,37.5,CJ McCollum,2019,167
474,37.8,Khris Middleton,2019,179
605,39.7,JJ Redick,2019,240
414,36.7,Jamal Murray,2019,152
445,32.4,Jordan Clarkson,2019,144
422,30.3,Kyle Kuzma,2019,128
441,39.5,Harrison Barnes,2019,174
471,36.9,Reggie Jackson,2019,174
450,34.0,Evan Fournier,2019,153
566,38.3,Terrence Ross,2019,217
460,35.7,Josh Richardson,2019,164
477,34.0,Tim Hardaway Jr.,2019,162
600,36.0,Eric Gordon,2019,216
512,36.5,Brook Lopez,2019,187
483,39.1,Joe Ingles,2019,189
413,42.6,Bryn Forbes,2019,176
522,33.1,Jae Crowder,2019,173
435,34.7,Kentavious Caldwell-Pope,2019,151
453,34.7,Kyle Lowry,2019,157
405,40.2,Malik Beasley,2019,163
434,33.4,Trevor Ariza,2019,145
465,34.8,Justin Holiday,2019,162
403,37.2,Wesley Matthews,2019,150
435,45.5,Danny Green,2019,198
404,39.4,Patty Mills,2019,159
441,35.4,Gerald Green,2019,156
843,35.5,James Harden,2020,299
674,40.1,Damian Lillard,2020,270
568,36.1,Trae Young,2020,205
541,31.6,Luka Dončić,2020,171
481,35.3,Bradley Beal,2020,170
425,34.8,LeBron James,2020,148
473,36.6,Donovan Mitchell,2020,173
512,37.9,CJ McCollum,2020,194
469,40.3,Jayson Tatum,2020,189
484,38.0,Zach LaVine,2020,184
688,39.4,Buddy Hield,2020,271
400,30.8,Spencer Dinwiddie,2020,123
457,41.4,Bojan Bogdanović,2020,189
434,39.9,Evan Fournier,2020,173
411,35.8,Dillon Brooks,2020,147
403,35.2,Kristaps Porziņģis,2020,142
439,40.5,Danilo Gallinari,2020,178
585,37.3,Devonte' Graham,2020,218
473,38.1,Kemba Walker,2020,180
423,40.7,Terry Rozier,2020,172
466,35.2,Kyle Lowry,2020,164
513,39.8,Tim Hardaway Jr.,2020,204
413,36.8,Jordan Clarkson,2020,152
431,36.7,D'Angelo Russell,2020,158
504,35.1,Terrence Ross,2020,177
406,42.4,Joe Harris,2020,172
606,44.6,Duncan Robinson,2020,270
441,37.2,Bogdan Bogdanović,2020,164
480,33.5,Robert Covington,2020,161
472,42.4,Dāvis Bertāns,2020,200
431,33.9,Taurean Prince,2020,146
403,38.2,Patty Mills,2020,154
452,40.0,Ben McLemore,2020,181
801,42.1,Stephen Curry,2021,337
704,39.1,Damian Lillard,2021,275
548,35.0,Luka Dončić,2021,192
485,38.6,Jayson Tatum,2021,187
440,40.0,Nikola Vučević,2021,176
477,41.9,Zach LaVine,2021,200
411,39.7,Jaylen Brown,2021,163
571,38.9,Terry Rozier,2021,222
461,38.6,Donovan Mitchell,2021,178
520,32.9,Anthony Edwards,2021,171
416,41.1,Norman Powell,2021,171
416,41.1,Paul George,2021,171
599,34.7,Jordan Clarkson,2021,208
461,39.0,Bojan Bogdanović,2021,180
721,39.1,Buddy Hield,2021,282
529,39.1,Tim Hardaway Jr.,2021,207
420,40.2,CJ McCollum,2021,169
454,35.9,Coby White,2021,163
476,36.6,Fred VanVleet,2021,174
444,47.5,Joe Harris,2021,211
613,40.8,Duncan Robinson,2021,250
429,38.5,Gary Trent Jr.,2021,165
460,38.0,Saddiq Bey,2021,175
477,37.5,Devonte' Graham,2021,179
406,45.1,Joe Ingles,2021,183
455,37.8,Lonzo Ball,2021,172
453,38.2,Justin Holiday,2021,173
429,37.5,Patty Mills,2021,161
428,39.5,Dāvis Bertāns,2021,169
432,40.5,Danny Green,2021,175
610,38.2,Trae Young,2022,233
651,35.3,Jayson Tatum,2022,230
569,35.3,Luka Dončić,2022,201
478,38.3,Devin Booker,2022,183
654,35.5,Donovan Mitchell,2022,232
448,35.9,LeBron James,2022,161
475,38.9,Zach LaVine,2022,185
750,38.0,Stephen Curry,2022,285
465,33.1,Miles Bridges,2022,154
464,35.8,Jaylen Brown,2022,166
602,35.7,Anthony Edwards,2022,215
565,38.9,LaMelo Ball,2022,220
454,38.3,Darius Garland,2022,174
448,33.0,James Harden,2022,148
593,37.4,Terry Rozier,2022,222
580,36.4,Jordan Poole,2022,211
404,34.2,RJ Barrett,2022,138
523,43.6,Desmond Bane,2022,228
469,38.8,CJ McCollum,2022,182
439,39.9,Tyler Herro,2022,175
434,37.3,Khris Middleton,2022,162
610,34.6,Saddiq Bey,2022,211
642,37.7,Fred VanVleet,2022,242
545,38.3,Gary Trent Jr.,2022,209
401,31.9,Jaren Jackson Jr.,2022,128
597,31.8,Jordan Clarkson,2022,190
716,36.6,Buddy Hield,2022,262
512,32.6,Reggie Jackson,2022,167
468,38.7,Bojan Bogdanović,2022,181
518,34.0,D'Angelo Russell,2022,176
458,34.3,Jalen Green,2022,157
553,34.5,Kelly Oubre Jr.,2022,191
619,38.9,Evan Fournier,2022,241
442,39.1,Malik Monk,2022,173
430,36.5,Will Barton,2022,157
408,39.0,Kentavious Caldwell-Pope,2022,159
477,39.2,Kevin Love,2022,187
442,40.5,Anfernee Simons,2022,179
414,40.8,Mike Conley,2022,169
637,37.7,Malik Beasley,2022,240
459,36.8,Bogdan Bogdanović,2022,169
413,37.5,Kevin Porter Jr.,2022,155
568,40.0,Patty Mills,2022,227
563,34.1,Devonte' Graham,2022,192
411,38.9,Kevin Huerter,2022,160
435,39.5,Dorian Finney-Smith,2022,172
624,37.2,Duncan Robinson,2022,232
423,44.9,Luke Kennard,2022,190
482,36.7,Justin Holiday,2022,177
442,41.0,Max Strus,2022,181
417,36.2,Ben McLemore,2022,151
686,35.0,Jayson Tatum,2023,240
541,34.2,Luka Dončić,2023,185
578,36.9,Anthony Edwards,2023,213
636,34.3,Julius Randle,2023,218
635,38.6,Donovan Mitchell,2023,245
460,33.5,Trae Young,2023,154
544,37.5,Zach LaVine,2023,204
658,37.1,Damian Lillard,2023,244
487,33.5,Jaylen Brown,2023,163
511,39.1,Lauri Markkanen,2023,200
554,33.8,Jalen Green,2023,187
637,33.6,Jordan Poole,2023,214
442,38.2,Mikal Bridges,2023,169
639,42.7,Stephen Curry,2023,273
496,37.9,Kyrie Irving,2023,188
543,38.9,CJ McCollum,2023,211
731,41.2,Klay Thompson,2023,301
412,41.0,Darius Garland,2023,169
407,32.9,Keldon Johnson,2023,134
490,36.9,Spencer Dinwiddie,2023,181
481,33.3,Kyle Kuzma,2023,160
537,37.8,Tyler Herro,2023,203
677,42.5,Buddy Hield,2023,288
606,34.2,Fred VanVleet,2023,207
426,37.1,Paul George,2023,158
505,32.7,Terry Rozier,2023,165
562,37.7,Anfernee Simons,2023,212
432,39.8,Jamal Murray,2023,172
411,38.4,Jrue Holiday,2023,158
459,33.8,Jordan Clarkson,2023,155
490,39.6,D'Angelo Russell,2023,194
407,40.8,Desmond Bane,2023,166
418,38.5,James Harden,2023,161
454,37.0,Immanuel Quickley,2023,168
402,40.0,Tyrese Haliburton,2023,161
497,40.6,Trey Murphy III,2023,202
450,36.9,Gary Trent Jr.,2023,166
428,34.8,P.J. Washington,2023,149
510,40.2,Kevin Huerter,2023,205
454,41.4,Michael Porter Jr.,2023,188
418,36.1,Saddiq Bey,2023,151
439,32.6,Dillon Brooks,2023,143
658,35.7,Malik Beasley,2023,235
550,38.5,Tim Hardaway Jr.,2023,212
409,33.0,Luguentz Dort,2023,135
501,41.1,Keegan Murray,2023,206
563,35.0,Max Strus,2023,197
407,38.6,Quentin Grimes,2023,157
403,39.0,De'Anthony Melton,2023,157
419,38.9,Royce O'Neale,2023,163
744,38.2,Luka Dončić,2024,284
526,40.1,Jalen Brunson,2024,211
532,35.7,Anthony Edwards,2024,190
407,41.3,Kevin Durant,2024,168
609,37.6,Jayson Tatum,2024,229
580,36.9,De'Aaron Fox,2024,214
876,40.8,Stephen Curry,2024,357
418,36.4,Devin Booker,2024,152
569,37.3,Tyrese Maxey,2024,212
622,35.4,Damian Lillard,2024,220
554,36.3,Dejounte Murray,2024,201
588,41.3,Paul George,2024,243
410,35.4,Jaylen Brown,2024,145
605,33.2,Jalen Green,2024,201
592,37.2,Mikal Bridges,2024,220
450,33.6,Kyle Kuzma,2024,151
556,37.6,Coby White,2024,209
421,41.1,Kyrie Irving,2024,173
494,36.8,Donovan Mitchell,2024,182
450,34.9,Miles Bridges,2024,157
535,36.4,Tyrese Haliburton,2024,195
469,37.3,Trae Young,2024,175
692,38.7,Klay Thompson,2024,268
545,41.5,D'Angelo Russell,2024,226
564,32.6,Jordan Poole,2024,184
554,39.7,Michael Porter Jr.,2024,220
641,37.4,Bogdan Bogdanović,2024,240
446,37.2,Devin Vassell,2024,166
557,42.9,CJ McCollum,2024,239
420,36.7,Austin Reaves,2024,154
493,37.3,Brandon Miller,2024,184
439,39.9,Lauri Markkanen,2024,175
586,38.7,Fred VanVleet,2024,227
705,40.1,Donte DiVincenzo,2024,283
410,36.3,Terry Rozier,2024,149
488,38.1,James Harden,2024,186
511,35.8,Keegan Murray,2024,183
433,39.5,Immanuel Quickley,2024,171
597,35.3,Tim Hardaway Jr.,2024,211
423,35.0,Malik Monk,2024,148
495,39.6,Derrick White,2024,196
408,41.4,Naz Reid,2024,169
480,38.3,Corey Kispert,2024,184
405,38.5,Anfernee Simons,2024,156
445,46.1,Grayson Allen,2024,205
568,38.6,Buddy Hield,2024,219
404,36.6,Brook Lopez,2024,148
440,33.4,Keyonte George,2024,147
453,39.3,Gary Trent Jr.,2024,178
413,32.0,P.J. Washington,2024,132
542,41.3,Malik Beasley,2024,224
473,39.5,Duncan Robinson,2024,187
405,44.2,Mike Conley,2024,179
479,35.1,Max Strus,2024,168
445,38.0,Trey Murphy III,2024,169
465,42.4,Sam Hauser,2024,197
422,37.0,Royce O'Neale,2024,156
435,37.5,Shai Gilgeous-Alexander,2025,163
811,39.5,Anthony Edwards,2025,320
728,34.3,Jayson Tatum,2025,250
551,33.2,Devin Booker,2025,183
642,34.0,Trae Young,2025,218
670,37.5,Tyler Herro,2025,251
418,35.6,Cade Cunningham,2025,149
668,35.2,James Harden,2025,235
536,44.6,Zach LaVine,2025,239
661,35.4,Jalen Green,2025,234
784,39.7,Stephen Curry,2025,311
633,36.8,Donovan Mitchell,2025,233
529,40.1,Darius Garland,2025,212
584,37.0,Coby White,2025,216
531,37.7,Austin Reaves,2025,200
524,37.6,Damian Lillard,2025,197
463,35.4,Mikal Bridges,2025,164
481,36.8,Luka Dončić,2025,177
489,39.5,Michael Porter Jr.,2025,193
622,37.8,Jordan Poole,2025,235
478,33.7,Tyrese Maxey,2025,161
562,38.8,Tyrese Haliburton,2025,218
593,36.3,Anfernee Simons,2025,215
766,41.6,Malik Beasley,2025,319
472,31.1,Shaedon Sharpe,2025,147
460,37.2,OG Anunoby,2025,171
418,39.2,Desmond Bane,2025,164
428,41.8,Norman Powell,2025,179
450,31.3,Miles Bridges,2025,141
691,38.4,Derrick White,2025,265
528,33.9,LaMelo Ball,2025,179
459,37.3,CJ McCollum,2025,171
626,40.7,Payton Pritchard,2025,255
462,37.9,Naz Reid,2025,175
507,34.3,Keyonte George,2025,174
438,36.1,Trey Murphy III,2025,158
428,32.5,Malik Monk,2025,139
403,35.2,Victor Wembanyama,2025,142
421,38.5,Quentin Grimes,2025,162
408,39.0,Cameron Johnson,2025,159
469,39.7,Dillon Brooks,2025,186
429,36.8,Devin Vassell,2025,158
553,39.1,Klay Thompson,2025,216
449,34.3,Keegan Murray,2025,154
549,37.0,Buddy Hield,2025,203
457,36.8,Tim Hardaway Jr.,2025,168
461,34.5,Fred VanVleet,2025,159
401,31.4,Keon Johnson,2025,126
401,41.4,Tyus Jones,2025,166
433,41.6,Gary Trent Jr.,2025,180
483,39.3,Duncan Robinson,2025,190
480,37.1,Julian Champagnie,2025,178
407,33.9,Bub Carrington,2025,138
409,40.6,Georges Niang,2025,166
466,41.2,Isaiah Joe,2025,192
438,39.7,Donte DiVincenzo,2025,174
413,41.2,Luguentz Dort,2025,170
441,40.6,Royce O'Neale,2025,179
694,36.6,Luka Dončić,2026,254
404,34.7,Jaylen Brown,2026,140
450,41.3,Kevin Durant,2026,186
599,36.7,Tyrese Maxey,2026,220
616,36.4,Donovan Mitchell,2026,224
528,36.9,Jalen Brunson,2026,195
563,43.5,Jamal Murray,2026,245
445,38.7,Kawhi Leonard,2026,172
514,39.9,Anthony Edwards,2026,205
573,37.5,James Harden,2026,215
427,39.1,Desmond Bane,2026,167
629,39.9,Nickeil Alexander-Walker,2026,251
642,42.5,Kon Knueppel,2026,273
400,31.8,Bam Adebayo,2026,127
740,36.8,LaMelo Ball,2026,272
510,37.5,CJ McCollum,2026,191
565,37.9,Trey Murphy III,2026,214
562,37.7,Payton Pritchard,2026,212
445,33.3,Miles Bridges,2026,148
533,38.3,Brandon Miller,2026,204
453,40.6,Ryan Rollins,2026,184
412,36.7,Saddiq Bey,2026,151
640,32.7,Derrick White,2026,209
410,38.0,Norman Powell,2026,156
485,36.3,Michael Porter Jr.,2026,176
495,34.9,Matas Buzelis,2026,173
488,36.3,Jabari Smith Jr.,2026,177
421,35.4,VJ Edgecombe,2026,149
420,37.1,Mikal Bridges,2026,156
476,37.4,Immanuel Quickley,2026,178
484,39.3,Stephen Curry,2026,190
412,37.1,Brandin Podziemski,2026,153
407,38.6,OG Anunoby,2026,157
442,36.7,Brice Sensabaugh,2026,162
576,39.4,Reed Sheppard,2026,227
592,37.0,Toumani Camara,2026,219
550,40.7,Tim Hardaway Jr.,2026,224
448,36.2,Naz Reid,2026,162
578,40.1,Collin Gillespie,2026,232
644,37.9,Donte DiVincenzo,2026,244
446,40.4,Max Christie,2026,180
536,41.0,Duncan Robinson,2026,220
432,38.4,Devin Vassell,2026,166
512,38.1,Julian Champagnie,2026,195
414,40.8,Bub Carrington,2026,169
455,34.9,Grayson Allen,2026,159
527,38.3,Klay Thompson,2026,202
554,41.9,A.J. Green,2026,232
428,42.3,Isaiah Joe,2026,181
520,40.8,Royce O'Neale,2026,212
504,39.3,Sam Hauser,2026,198
